#Top: ios   Floorplan: io_1   Part: xc7a35tfgg484-1,,,,,,,,,,,,
#Generated by: kremerme   on: Mon Mar  8 10:36:28 2021,,,,,,,,,,,,
#Build: Vivado v2020.2   by: xbuild   on: Wed Nov 18 09:12:47 MST 2020,,,,,,,,,,,,
#Package Version: FINAL 2013-11-27,,,,,,,,,,,,
#Package Pin Delay Version: VERS. 2.0 2013-11-27,,,,,down 100,,,,,,,
,,,,maybe,maybe,,,,,,,
IO Bank,LEAD,Pin Name,Pin Number,"X, pos","Y, Pos",const,"U,D,L,R",const,const,sheet?,const,type
0,X,VN_0,M9,500,0,100,D,50,50,2,0,W
0,X,VP_0,L10,500,-100,100,D,50,50,2,0,W
0,X,DONE_0,G11,500,-200,100,L,50,50,2,0,O
0,X,DXP_0,N10,500,-300,100,L,50,50,2,0,I
0,X,GNDADC_0,K9,500,-400,100,U,50,50,2,0,W
0,X,VCCADC_0,K10,500,-500,100,D,50,50,2,0,W
0,X,VREFP_0,M10,500,-600,100,L,50,50,2,0,I
0,X,VCCBATT_0,E12,500,-700,100,D,50,50,2,0,W
0,X,TCK_0,V12,500,-800,100,L,50,50,2,0,I
0,X,DXN_0,N9,500,-900,100,L,50,50,2,0,I
0,X,VREFN_0,L9,500,-1000,100,D,50,50,2,0,W
0,X,CCLK_0,L12,500,-1100,100,L,50,50,2,0,I
0,X,0,U11,500,-1200,100,L,50,50,2,0,I
0,X,M1_0,U10,500,-1300,100,L,50,50,2,0,I
0,X,INIT_B_0,U12,500,-1400,100,L,50,50,2,0,I
0,X,TDI_0,R13,500,-1500,100,L,50,50,2,0,I
0,X,TDO_0,U13,500,-1600,100,L,50,50,2,0,I
0,X,M2_0,U9,500,-1700,100,L,50,50,2,0,I
0,X,CFGBVS_0,U8,500,-1800,100,L,50,50,2,0,I
0,X,PROGRAM_B_0,N12,500,-1900,100,L,50,50,2,0,I
0,X,TMS_0,T13,500,-2000,100,L,50,50,2,0,I
0,X,VCCO_0,F12,500,-2100,100,D,50,50,2,0,W
0,X,VCCO_0,T12,500,-2200,100,D,50,50,2,0,W
13,X,VCCO_13,AA17,500,0,100,D,50,50,3,0,W
13,X,VCCO_13,AB14,500,-100,100,D,50,50,3,0,W
13,X,VCCO_13,V16,500,-200,100,D,50,50,3,0,W
13,X,VCCO_13,W13,500,-300,100,D,50,50,3,0,W
13,X,VCCO_13,Y10,500,-400,100,D,50,50,3,0,W
14,X,IO_0_14,P20,500,0,100,L,50,50,4,0,I
14,X,IO_L1P_T0_D00_MOSI_14,P22,500,-100,100,L,50,50,4,0,I
14,X,IO_L1N_T0_D01_DIN_14,R22,500,-200,100,L,50,50,4,0,I
14,X,IO_L2P_T0_D02_14,P21,500,-300,100,L,50,50,4,0,I
14,X,IO_L2N_T0_D03_14,R21,500,-400,100,L,50,50,4,0,I
14,X,IO_L3P_T0_DQS_PUDC_B_14,U22,500,-500,100,L,50,50,4,0,I
14,X,IO_L3N_T0_DQS_EMCCLK_14,V22,500,-600,100,L,50,50,4,0,I
14,X,IO_L4P_T0_D04_14,T21,500,-700,100,L,50,50,4,0,I
14,X,IO_L4N_T0_D05_14,U21,500,-800,100,L,50,50,4,0,I
14,X,IO_L5P_T0_D06_14,P19,500,-900,100,L,50,50,4,0,I
14,X,IO_L5N_T0_D07_14,R19,500,-1000,100,L,50,50,4,0,I
14,X,IO_L6P_T0_FCS_B_14,T19,500,-1100,100,L,50,50,4,0,I
14,X,IO_L6N_T0_D08_VREF_14,T20,500,-1200,100,L,50,50,4,0,I
14,X,IO_L7P_T1_D09_14,W21,500,-1300,100,L,50,50,4,0,I
14,X,IO_L7N_T1_D10_14,W22,500,-1400,100,L,50,50,4,0,I
14,X,IO_L8P_T1_D11_14,AA20,500,-1500,100,L,50,50,4,0,I
14,X,IO_L8N_T1_D12_14,AA21,500,-1600,100,L,50,50,4,0,I
14,X,IO_L9P_T1_DQS_14,Y21,500,-1700,100,L,50,50,4,0,I
14,X,IO_L9N_T1_DQS_D13_14,Y22,500,-1800,100,L,50,50,4,0,I
14,X,IO_L10P_T1_D14_14,AB21,500,-1900,100,L,50,50,4,0,I
14,X,IO_L10N_T1_D15_14,AB22,500,-2000,100,L,50,50,4,0,I
14,X,IO_L11P_T1_SRCC_14,U20,500,-2100,100,L,50,50,4,0,I
14,X,IO_L11N_T1_SRCC_14,V20,500,-2200,100,L,50,50,4,0,I
14,X,IO_L12P_T1_MRCC_14,W19,500,-2300,100,L,50,50,4,0,I
14,X,IO_L12N_T1_MRCC_14,W20,500,-2400,100,L,50,50,4,0,I
14,X,IO_L13P_T2_MRCC_14,Y18,500,-2500,100,L,50,50,4,0,I
14,X,IO_L13N_T2_MRCC_14,Y19,500,-2600,100,L,50,50,4,0,I
14,X,IO_L14P_T2_SRCC_14,V18,500,-2700,100,L,50,50,4,0,I
14,X,IO_L14N_T2_SRCC_14,V19,500,-2800,100,L,50,50,4,0,I
14,X,IO_L15P_T2_DQS_RDWR_B_14,AA19,500,-2900,100,L,50,50,4,0,I
14,X,IO_L15N_T2_DQS_DOUT_CSO_B_14,AB20,500,-3000,100,L,50,50,4,0,I
14,X,IO_L16P_T2_CSI_B_14,V17,500,-3100,100,L,50,50,4,0,I
14,X,IO_L16N_T2_A15_D31_14,W17,500,-3200,100,L,50,50,4,0,I
14,X,IO_L17P_T2_A14_D30_14,AA18,500,-3300,100,L,50,50,4,0,I
14,X,IO_L17N_T2_A13_D29_14,AB18,500,-3400,100,L,50,50,4,0,I
14,X,IO_L18P_T2_A12_D28_14,U17,500,-3500,100,L,50,50,4,0,I
14,X,IO_L18N_T2_A11_D27_14,U18,500,-3600,100,L,50,50,4,0,I
14,X,IO_L19P_T3_A10_D26_14,P14,500,-3700,100,L,50,50,4,0,I
14,X,IO_L19N_T3_A09_D25_VREF_14,R14,500,-3800,100,L,50,50,4,0,I
14,X,IO_L20P_T3_A08_D24_14,R18,500,-3900,100,L,50,50,4,0,I
14,X,IO_L20N_T3_A07_D23_14,T18,500,-4000,100,L,50,50,4,0,I
14,X,IO_L21P_T3_DQS_14,N17,500,-4100,100,L,50,50,4,0,I
14,X,IO_L21N_T3_DQS_A06_D22_14,P17,500,-4200,100,L,50,50,4,0,I
14,X,IO_L22P_T3_A05_D21_14,P15,500,-4300,100,L,50,50,4,0,I
14,X,IO_L22N_T3_A04_D20_14,R16,500,-4400,100,L,50,50,4,0,I
14,X,IO_L23P_T3_A03_D19_14,N13,500,-4500,100,L,50,50,4,0,I
14,X,IO_L23N_T3_A02_D18_14,N14,500,-4600,100,L,50,50,4,0,I
14,X,IO_L24P_T3_A01_D17_14,P16,500,-4700,100,L,50,50,4,0,I
14,X,IO_L24N_T3_A00_D16_14,R17,500,-4800,100,L,50,50,4,0,I
14,X,IO_25_14,N15,500,-4900,100,L,50,50,4,0,I
14,X,VCCO_14,M14,500,-5000,100,D,50,50,4,0,W
14,X,VCCO_14,P18,500,-5100,100,D,50,50,4,0,W
14,X,VCCO_14,R15,500,-5200,100,D,50,50,4,0,W
14,X,VCCO_14,T22,500,-5300,100,D,50,50,4,0,W
14,X,VCCO_14,U19,500,-5400,100,D,50,50,4,0,W
14,X,VCCO_14,Y20,500,-5500,100,D,50,50,4,0,W
15,X,IO_0_15,J16,500,0,100,L,50,50,5,0,I
15,X,IO_L1P_T0_AD0P_15,H13,500,-100,100,L,50,50,5,0,I
15,X,IO_L1N_T0_AD0N_15,G13,500,-200,100,L,50,50,5,0,I
15,X,IO_L2P_T0_AD8P_15,G15,500,-300,100,L,50,50,5,0,I
15,X,IO_L2N_T0_AD8N_15,G16,500,-400,100,L,50,50,5,0,I
15,X,IO_L3P_T0_DQS_AD1P_15,J14,500,-500,100,L,50,50,5,0,I
15,X,IO_L3N_T0_DQS_AD1N_15,H14,500,-600,100,L,50,50,5,0,I
15,X,IO_L4P_T0_15,G17,500,-700,100,L,50,50,5,0,I
15,X,IO_L4N_T0_15,G18,500,-800,100,L,50,50,5,0,I
15,X,IO_L5P_T0_AD9P_15,J15,500,-900,100,L,50,50,5,0,I
15,X,IO_L5N_T0_AD9N_15,H15,500,-1000,100,L,50,50,5,0,I
15,X,IO_L6P_T0_15,H17,500,-1100,100,L,50,50,5,0,I
15,X,IO_L6N_T0_VREF_15,H18,500,-1200,100,L,50,50,5,0,I
15,X,IO_L7P_T1_AD2P_15,J22,500,-1300,100,L,50,50,5,0,I
15,X,IO_L7N_T1_AD2N_15,H22,500,-1400,100,L,50,50,5,0,I
15,X,IO_L8P_T1_AD10P_15,H20,500,-1500,100,L,50,50,5,0,I
15,X,IO_L8N_T1_AD10N_15,G20,500,-1600,100,L,50,50,5,0,I
15,X,IO_L9P_T1_DQS_AD3P_15,K21,500,-1700,100,L,50,50,5,0,I
15,X,IO_L9N_T1_DQS_AD3N_15,K22,500,-1800,100,L,50,50,5,0,I
15,X,IO_L10P_T1_AD11P_15,M21,500,-1900,100,L,50,50,5,0,I
15,X,IO_L10N_T1_AD11N_15,L21,500,-2000,100,L,50,50,5,0,I
15,X,IO_L11P_T1_SRCC_15,J20,500,-2100,100,L,50,50,5,0,I
15,X,IO_L11N_T1_SRCC_15,J21,500,-2200,100,L,50,50,5,0,I
15,X,IO_L12P_T1_MRCC_15,J19,500,-2300,100,L,50,50,5,0,I
15,X,IO_L12N_T1_MRCC_15,H19,500,-2400,100,L,50,50,5,0,I
15,X,IO_L13P_T2_MRCC_15,K18,500,-2500,100,L,50,50,5,0,I
15,X,IO_L13N_T2_MRCC_15,K19,500,-2600,100,L,50,50,5,0,I
15,X,IO_L14P_T2_SRCC_15,L19,500,-2700,100,L,50,50,5,0,I
15,X,IO_L14N_T2_SRCC_15,L20,500,-2800,100,L,50,50,5,0,I
15,X,IO_L15P_T2_DQS_15,N22,500,-2900,100,L,50,50,5,0,I
15,X,IO_L15N_T2_DQS_ADV_B_15,M22,500,-3000,100,L,50,50,5,0,I
15,X,IO_L16P_T2_A28_15,M18,500,-3100,100,L,50,50,5,0,I
15,X,IO_L16N_T2_A27_15,L18,500,-3200,100,L,50,50,5,0,I
15,X,IO_L17P_T2_A26_15,N18,500,-3300,100,L,50,50,5,0,I
15,X,IO_L17N_T2_A25_15,N19,500,-3400,100,L,50,50,5,0,I
15,X,IO_L18P_T2_A24_15,N20,500,-3500,100,L,50,50,5,0,I
15,X,IO_L18N_T2_A23_15,M20,500,-3600,100,L,50,50,5,0,I
15,X,IO_L19P_T3_A22_15,K13,500,-3700,100,L,50,50,5,0,I
15,X,IO_L19N_T3_A21_VREF_15,K14,500,-3800,100,L,50,50,5,0,I
15,X,IO_L20P_T3_A20_15,M13,500,-3900,100,L,50,50,5,0,I
15,X,IO_L20N_T3_A19_15,L13,500,-4000,100,L,50,50,5,0,I
15,X,IO_L21P_T3_DQS_15,K17,500,-4100,100,L,50,50,5,0,I
15,X,IO_L21N_T3_DQS_A18_15,J17,500,-4200,100,L,50,50,5,0,I
15,X,IO_L22P_T3_A17_15,L14,500,-4300,100,L,50,50,5,0,I
15,X,IO_L22N_T3_A16_15,L15,500,-4400,100,L,50,50,5,0,I
15,X,IO_L23P_T3_FOE_B_15,L16,500,-4500,100,L,50,50,5,0,I
15,X,IO_L23N_T3_FWE_B_15,K16,500,-4600,100,L,50,50,5,0,I
15,X,IO_L24P_T3_RS1_15,M15,500,-4700,100,L,50,50,5,0,I
15,X,IO_L24N_T3_RS0_15,M16,500,-4800,100,L,50,50,5,0,I
15,X,IO_25_15,M17,500,-4900,100,L,50,50,5,0,I
15,X,VCCO_15,G19,500,-5000,100,D,50,50,5,0,W
15,X,VCCO_15,H16,500,-5100,100,D,50,50,5,0,W
15,X,VCCO_15,J13,500,-5200,100,D,50,50,5,0,W
15,X,VCCO_15,K20,500,-5300,100,D,50,50,5,0,W
15,X,VCCO_15,L17,500,-5400,100,D,50,50,5,0,W
15,X,VCCO_15,N21,500,-5500,100,D,50,50,5,0,W
16,X,IO_0_16,F15,500,0,100,L,50,50,6,0,I
16,X,IO_L1P_T0_16,F13,500,-100,100,L,50,50,6,0,I
16,X,IO_L1N_T0_16,F14,500,-200,100,L,50,50,6,0,I
16,X,IO_L2P_T0_16,F16,500,-300,100,L,50,50,6,0,I
16,X,IO_L2N_T0_16,E17,500,-400,100,L,50,50,6,0,I
16,X,IO_L3P_T0_DQS_16,C14,500,-500,100,L,50,50,6,0,I
16,X,IO_L3N_T0_DQS_16,C15,500,-600,100,L,50,50,6,0,I
16,X,IO_L4P_T0_16,E13,500,-700,100,L,50,50,6,0,I
16,X,IO_L4N_T0_16,E14,500,-800,100,L,50,50,6,0,I
16,X,IO_L5P_T0_16,E16,500,-900,100,L,50,50,6,0,I
16,X,IO_L5N_T0_16,D16,500,-1000,100,L,50,50,6,0,I
16,X,IO_L6P_T0_16,D14,500,-1100,100,L,50,50,6,0,I
16,X,IO_L6N_T0_VREF_16,D15,500,-1200,100,L,50,50,6,0,I
16,X,IO_L7P_T1_16,B15,500,-1300,100,L,50,50,6,0,I
16,X,IO_L7N_T1_16,B16,500,-1400,100,L,50,50,6,0,I
16,X,IO_L8P_T1_16,C13,500,-1500,100,L,50,50,6,0,I
16,X,IO_L8N_T1_16,B13,500,-1600,100,L,50,50,6,0,I
16,X,IO_L9P_T1_DQS_16,A15,500,-1700,100,L,50,50,6,0,I
16,X,IO_L9N_T1_DQS_16,A16,500,-1800,100,L,50,50,6,0,I
16,X,IO_L10P_T1_16,A13,500,-1900,100,L,50,50,6,0,I
16,X,IO_L10N_T1_16,A14,500,-2000,100,L,50,50,6,0,I
16,X,IO_L11P_T1_SRCC_16,B17,500,-2100,100,L,50,50,6,0,I
16,X,IO_L11N_T1_SRCC_16,B18,500,-2200,100,L,50,50,6,0,I
16,X,IO_L12P_T1_MRCC_16,D17,500,-2300,100,L,50,50,6,0,I
16,X,IO_L12N_T1_MRCC_16,C17,500,-2400,100,L,50,50,6,0,I
16,X,IO_L13P_T2_MRCC_16,C18,500,-2500,100,L,50,50,6,0,I
16,X,IO_L13N_T2_MRCC_16,C19,500,-2600,100,L,50,50,6,0,I
16,X,IO_L14P_T2_SRCC_16,E19,500,-2700,100,L,50,50,6,0,I
16,X,IO_L14N_T2_SRCC_16,D19,500,-2800,100,L,50,50,6,0,I
16,X,IO_L15P_T2_DQS_16,F18,500,-2900,100,L,50,50,6,0,I
16,X,IO_L15N_T2_DQS_16,E18,500,-3000,100,L,50,50,6,0,I
16,X,IO_L16P_T2_16,B20,500,-3100,100,L,50,50,6,0,I
16,X,IO_L16N_T2_16,A20,500,-3200,100,L,50,50,6,0,I
16,X,IO_L17P_T2_16,A18,500,-3300,100,L,50,50,6,0,I
16,X,IO_L17N_T2_16,A19,500,-3400,100,L,50,50,6,0,I
16,X,IO_L18P_T2_16,F19,500,-3500,100,L,50,50,6,0,I
16,X,IO_L18N_T2_16,F20,500,-3600,100,L,50,50,6,0,I
16,X,IO_L19P_T3_16,D20,500,-3700,100,L,50,50,6,0,I
16,X,IO_L19N_T3_VREF_16,C20,500,-3800,100,L,50,50,6,0,I
16,X,IO_L20P_T3_16,C22,500,-3900,100,L,50,50,6,0,I
16,X,IO_L20N_T3_16,B22,500,-4000,100,L,50,50,6,0,I
16,X,IO_L21P_T3_DQS_16,B21,500,-4100,100,L,50,50,6,0,I
16,X,IO_L21N_T3_DQS_16,A21,500,-4200,100,L,50,50,6,0,I
16,X,IO_L22P_T3_16,E22,500,-4300,100,L,50,50,6,0,I
16,X,IO_L22N_T3_16,D22,500,-4400,100,L,50,50,6,0,I
16,X,IO_L23P_T3_16,E21,500,-4500,100,L,50,50,6,0,I
16,X,IO_L23N_T3_16,D21,500,-4600,100,L,50,50,6,0,I
16,X,IO_L24P_T3_16,G21,500,-4700,100,L,50,50,6,0,I
16,X,IO_L24N_T3_16,G22,500,-4800,100,L,50,50,6,0,I
16,X,IO_25_16,F21,500,-4900,100,L,50,50,6,0,I
16,X,VCCO_16,A17,500,-5000,100,D,50,50,6,0,W
16,X,VCCO_16,B14,500,-5100,100,D,50,50,6,0,W
16,X,VCCO_16,C21,500,-5200,100,D,50,50,6,0,W
16,X,VCCO_16,D18,500,-5300,100,D,50,50,6,0,W
16,X,VCCO_16,E15,500,-5400,100,D,50,50,6,0,W
16,X,VCCO_16,F22,500,-5500,100,D,50,50,6,0,W
34,X,IO_0_34,T3,500,0,100,L,50,50,7,0,I
34,X,IO_L1P_T0_34,T1,500,-100,100,L,50,50,7,0,I
34,X,IO_L1N_T0_34,U1,500,-200,100,L,50,50,7,0,I
34,X,IO_L2P_T0_34,U2,500,-300,100,L,50,50,7,0,I
34,X,IO_L2N_T0_34,V2,500,-400,100,L,50,50,7,0,I
34,X,IO_L3P_T0_DQS_34,R3,500,-500,100,L,50,50,7,0,I
34,X,IO_L3N_T0_DQS_34,R2,500,-600,100,L,50,50,7,0,I
34,X,IO_L4P_T0_34,W2,500,-700,100,L,50,50,7,0,I
34,X,IO_L4N_T0_34,Y2,500,-800,100,L,50,50,7,0,I
34,X,IO_L5P_T0_34,W1,500,-900,100,L,50,50,7,0,I
34,X,IO_L5N_T0_34,Y1,500,-1000,100,L,50,50,7,0,I
34,X,IO_L6P_T0_34,U3,500,-1100,100,L,50,50,7,0,I
34,X,IO_L6N_T0_VREF_34,V3,500,-1200,100,L,50,50,7,0,I
34,X,IO_L7P_T1_34,AA1,500,-1300,100,L,50,50,7,0,I
34,X,IO_L7N_T1_34,AB1,500,-1400,100,L,50,50,7,0,I
34,X,IO_L8P_T1_34,AB3,500,-1500,100,L,50,50,7,0,I
34,X,IO_L8N_T1_34,AB2,500,-1600,100,L,50,50,7,0,I
34,X,IO_L9P_T1_DQS_34,Y3,500,-1700,100,L,50,50,7,0,I
34,X,IO_L9N_T1_DQS_34,AA3,500,-1800,100,L,50,50,7,0,I
34,X,IO_L10P_T1_34,AA5,500,-1900,100,L,50,50,7,0,I
34,X,IO_L10N_T1_34,AB5,500,-2000,100,L,50,50,7,0,I
34,X,IO_L11P_T1_SRCC_34,Y4,500,-2100,100,L,50,50,7,0,I
34,X,IO_L11N_T1_SRCC_34,AA4,500,-2200,100,L,50,50,7,0,I
34,X,IO_L12P_T1_MRCC_34,V4,500,-2300,100,L,50,50,7,0,I
34,X,IO_L12N_T1_MRCC_34,W4,500,-2400,100,L,50,50,7,0,I
34,X,IO_L13P_T2_MRCC_34,R4,500,-2500,100,L,50,50,7,0,I
34,X,IO_L13N_T2_MRCC_34,T4,500,-2600,100,L,50,50,7,0,I
34,X,IO_L14P_T2_SRCC_34,T5,500,-2700,100,L,50,50,7,0,I
34,X,IO_L14N_T2_SRCC_34,U5,500,-2800,100,L,50,50,7,0,I
34,X,IO_L15P_T2_DQS_34,W6,500,-2900,100,L,50,50,7,0,I
34,X,IO_L15N_T2_DQS_34,W5,500,-3000,100,L,50,50,7,0,I
34,X,IO_L16P_T2_34,U6,500,-3100,100,L,50,50,7,0,I
34,X,IO_L16N_T2_34,V5,500,-3200,100,L,50,50,7,0,I
34,X,IO_L17P_T2_34,R6,500,-3300,100,L,50,50,7,0,I
34,X,IO_L17N_T2_34,T6,500,-3400,100,L,50,50,7,0,I
34,X,IO_L18P_T2_34,Y6,500,-3500,100,L,50,50,7,0,I
34,X,IO_L18N_T2_34,AA6,500,-3600,100,L,50,50,7,0,I
34,X,IO_L19P_T3_34,V7,500,-3700,100,L,50,50,7,0,I
34,X,IO_L19N_T3_VREF_34,W7,500,-3800,100,L,50,50,7,0,I
34,X,IO_L20P_T3_34,AB7,500,-3900,100,L,50,50,7,0,I
34,X,IO_L20N_T3_34,AB6,500,-4000,100,L,50,50,7,0,I
34,X,IO_L21P_T3_DQS_34,V9,500,-4100,100,L,50,50,7,0,I
34,X,IO_L21N_T3_DQS_34,V8,500,-4200,100,L,50,50,7,0,I
34,X,IO_L22P_T3_34,AA8,500,-4300,100,L,50,50,7,0,I
34,X,IO_L22N_T3_34,AB8,500,-4400,100,L,50,50,7,0,I
34,X,IO_L23P_T3_34,Y8,500,-4500,100,L,50,50,7,0,I
34,X,IO_L23N_T3_34,Y7,500,-4600,100,L,50,50,7,0,I
34,X,IO_L24P_T3_34,W9,500,-4700,100,L,50,50,7,0,I
34,X,IO_L24N_T3_34,Y9,500,-4800,100,L,50,50,7,0,I
34,X,IO_25_34,U7,500,-4900,100,L,50,50,7,0,I
34,X,VCCO_34,AA7,500,-5000,100,D,50,50,7,0,W
34,X,VCCO_34,AB4,500,-5100,100,D,50,50,7,0,W
34,X,VCCO_34,R5,500,-5200,100,D,50,50,7,0,W
34,X,VCCO_34,T2,500,-5300,100,D,50,50,7,0,W
34,X,VCCO_34,V6,500,-5400,100,D,50,50,7,0,W
34,X,VCCO_34,W3,500,-5500,100,D,50,50,7,0,W
35,X,IO_0_35,F4,500,0,100,L,50,50,8,0,I
35,X,IO_L1P_T0_AD4P_35,B1,500,-100,100,L,50,50,8,0,I
35,X,IO_L1N_T0_AD4N_35,A1,500,-200,100,L,50,50,8,0,I
35,X,IO_L2P_T0_AD12P_35,C2,500,-300,100,L,50,50,8,0,I
35,X,IO_L2N_T0_AD12N_35,B2,500,-400,100,L,50,50,8,0,I
35,X,IO_L3P_T0_DQS_AD5P_35,E1,500,-500,100,L,50,50,8,0,I
35,X,IO_L3N_T0_DQS_AD5N_35,D1,500,-600,100,L,50,50,8,0,I
35,X,IO_L4P_T0_35,E2,500,-700,100,L,50,50,8,0,I
35,X,IO_L4N_T0_35,D2,500,-800,100,L,50,50,8,0,I
35,X,IO_L5P_T0_AD13P_35,G1,500,-900,100,L,50,50,8,0,I
35,X,IO_L5N_T0_AD13N_35,F1,500,-1000,100,L,50,50,8,0,I
35,X,IO_L6P_T0_35,F3,500,-1100,100,L,50,50,8,0,I
35,X,IO_L6N_T0_VREF_35,E3,500,-1200,100,L,50,50,8,0,I
35,X,IO_L7P_T1_AD6P_35,K1,500,-1300,100,L,50,50,8,0,I
35,X,IO_L7N_T1_AD6N_35,J1,500,-1400,100,L,50,50,8,0,I
35,X,IO_L8P_T1_AD14P_35,H2,500,-1500,100,L,50,50,8,0,I
35,X,IO_L8N_T1_AD14N_35,G2,500,-1600,100,L,50,50,8,0,I
35,X,IO_L9P_T1_DQS_AD7P_35,K2,500,-1700,100,L,50,50,8,0,I
35,X,IO_L9N_T1_DQS_AD7N_35,J2,500,-1800,100,L,50,50,8,0,I
35,X,IO_L10P_T1_AD15P_35,J5,500,-1900,100,L,50,50,8,0,I
35,X,IO_L10N_T1_AD15N_35,H5,500,-2000,100,L,50,50,8,0,I
35,X,IO_L11P_T1_SRCC_35,H3,500,-2100,100,L,50,50,8,0,I
35,X,IO_L11N_T1_SRCC_35,G3,500,-2200,100,L,50,50,8,0,I
35,X,IO_L12P_T1_MRCC_35,H4,500,-2300,100,L,50,50,8,0,I
35,X,IO_L12N_T1_MRCC_35,G4,500,-2400,100,L,50,50,8,0,I
35,X,IO_L13P_T2_MRCC_35,K4,500,-2500,100,L,50,50,8,0,I
35,X,IO_L13N_T2_MRCC_35,J4,500,-2600,100,L,50,50,8,0,I
35,X,IO_L14P_T2_SRCC_35,L3,500,-2700,100,L,50,50,8,0,I
35,X,IO_L14N_T2_SRCC_35,K3,500,-2800,100,L,50,50,8,0,I
35,X,IO_L15P_T2_DQS_35,M1,500,-2900,100,L,50,50,8,0,I
35,X,IO_L15N_T2_DQS_35,L1,500,-3000,100,L,50,50,8,0,I
35,X,IO_L16P_T2_35,M3,500,-3100,100,L,50,50,8,0,I
35,X,IO_L16N_T2_35,M2,500,-3200,100,L,50,50,8,0,I
35,X,IO_L17P_T2_35,K6,500,-3300,100,L,50,50,8,0,I
35,X,IO_L17N_T2_35,J6,500,-3400,100,L,50,50,8,0,I
35,X,IO_L18P_T2_35,L5,500,-3500,100,L,50,50,8,0,I
35,X,IO_L18N_T2_35,L4,500,-3600,100,L,50,50,8,0,I
35,X,IO_L19P_T3_35,N4,500,-3700,100,L,50,50,8,0,I
35,X,IO_L19N_T3_VREF_35,N3,500,-3800,100,L,50,50,8,0,I
35,X,IO_L20P_T3_35,R1,500,-3900,100,L,50,50,8,0,I
35,X,IO_L20N_T3_35,P1,500,-4000,100,L,50,50,8,0,I
35,X,IO_L21P_T3_DQS_35,P5,500,-4100,100,L,50,50,8,0,I
35,X,IO_L21N_T3_DQS_35,P4,500,-4200,100,L,50,50,8,0,I
35,X,IO_L22P_T3_35,P2,500,-4300,100,L,50,50,8,0,I
35,X,IO_L22N_T3_35,N2,500,-4400,100,L,50,50,8,0,I
35,X,IO_L23P_T3_35,M6,500,-4500,100,L,50,50,8,0,I
35,X,IO_L23N_T3_35,M5,500,-4600,100,L,50,50,8,0,I
35,X,IO_L24P_T3_35,P6,500,-4700,100,L,50,50,8,0,I
35,X,IO_L24N_T3_35,N5,500,-4800,100,L,50,50,8,0,I
35,X,IO_25_35,L6,500,-4900,100,L,50,50,8,0,I
35,X,VCCO_35,C1,500,-5000,100,D,50,50,8,0,W
35,X,VCCO_35,F2,500,-5100,100,D,50,50,8,0,W
35,X,VCCO_35,H6,500,-5200,100,D,50,50,8,0,W
35,X,VCCO_35,J3,500,-5300,100,D,50,50,8,0,W
35,X,VCCO_35,M4,500,-5400,100,D,50,50,8,0,W
35,X,VCCO_35,N1,500,-5500,100,D,50,50,8,0,W
216,X,MGTREFCLK0N_216,E6,500,0,100,L,50,50,9,0,I
216,X,MGTREFCLK0P_216,F6,500,-100,100,L,50,50,9,0,I
216,X,MGTPRXP1_216,D11,500,-200,100,L,50,50,9,0,I
216,X,MGTPRXP2_216,B10,500,-300,100,L,50,50,9,0,I
216,X,MGTPRXP3_216,D9,500,-400,100,L,50,50,9,0,I
216,X,MGTPRXP0_216,B8,500,-500,100,L,50,50,9,0,I
216,X,MGTPTXP3_216,D7,500,-600,100,L,50,50,9,0,I
216,X,MGTPTXP2_216,B6,500,-700,100,L,50,50,9,0,I
216,X,MGTREFCLK1P_216,F10,500,-800,100,L,50,50,9,0,I
216,X,MGTREFCLK1N_216,E10,500,-900,100,L,50,50,9,0,I
216,X,MGTPRXN1_216,C11,500,-1000,100,L,50,50,9,0,I
216,X,MGTPRXN2_216,A10,500,-1100,100,L,50,50,9,0,I
216,X,MGTPRXN3_216,C9,500,-1200,100,L,50,50,9,0,I
216,X,MGTPRXN0_216,A8,500,-1300,100,L,50,50,9,0,I
216,X,MGTPTXN3_216,C7,500,-1400,100,L,50,50,9,0,I
216,X,MGTPTXN2_216,A6,500,-1500,100,L,50,50,9,0,I
216,X,MGTPTXP1_216,D5,500,-1600,100,L,50,50,9,0,I
216,X,MGTPTXN1_216,C5,500,-1700,100,L,50,50,9,0,I
216,X,MGTPTXP0_216,B4,500,-1800,100,L,50,50,9,0,I
216,X,MGTPTXN0_216,A4,500,-1900,100,L,50,50,9,0,I
216,X,MGTRREF_216,F8,500,-2000,100,L,50,50,9,0,I
,X,MGTAVCC,D6,500,-2100,100,D,50,50,1,0,W
,X,MGTAVCC,D10,500,-2200,100,D,50,50,1,0,W
,X,MGTAVCC,F7,500,-2300,100,D,50,50,1,0,W
,X,MGTAVCC,F9,500,-2400,100,D,50,50,1,0,W
,X,MGTAVCC,E8,500,-2500,100,D,50,50,1,0,W
,X,MGTAVTT,B5,500,-2600,100,D,50,50,1,0,W
,X,MGTAVTT,B7,500,-2700,100,D,50,50,1,0,W
,X,MGTAVTT,B9,500,-2800,100,D,50,50,1,0,W
,X,MGTAVTT,B11,500,-2900,100,D,50,50,1,0,W
,X,MGTAVTT,C4,500,-3000,100,D,50,50,1,0,W
,X,MGTAVTT,C8,500,-3100,100,D,50,50,1,0,W
,X,GND,D8,500,-3200,100,U,50,50,1,0,W
,X,GND,A2,500,-3300,100,U,50,50,1,0,W
,X,GND,A3,500,-3400,100,U,50,50,1,0,W
,X,GND,A5,500,-3500,100,U,50,50,1,0,W
,X,GND,A7,500,-3600,100,U,50,50,1,0,W
,X,GND,A9,500,-3700,100,U,50,50,1,0,W
,X,GND,A11,500,-3800,100,U,50,50,1,0,W
,X,GND,A12,500,-3900,100,U,50,50,1,0,W
,X,GND,A22,500,-4000,100,U,50,50,1,0,W
,X,GND,AA2,500,-4100,100,U,50,50,1,0,W
,X,GND,AA12,500,-4200,100,U,50,50,1,0,W
,X,GND,AA22,500,-4300,100,U,50,50,1,0,W
,X,GND,AB9,500,-4400,100,U,50,50,1,0,W
,X,GND,AB19,500,-4500,100,U,50,50,1,0,W
,X,GND,B3,500,-4600,100,U,50,50,1,0,W
,X,GND,B12,500,-4700,100,U,50,50,1,0,W
,X,GND,B19,500,-4800,100,U,50,50,1,0,W
,X,GND,C3,500,-4900,100,U,50,50,1,0,W
,X,GND,C6,500,-5000,100,U,50,50,1,0,W
,X,GND,C10,500,-5100,100,U,50,50,1,0,W
,X,GND,C12,500,-5200,100,U,50,50,1,0,W
,X,GND,C16,500,-5300,100,U,50,50,1,0,W
,X,GND,D3,500,-5400,100,U,50,50,1,0,W
,X,GND,D4,500,-5500,100,U,50,50,1,0,W
,X,GND,D12,500,-5600,100,U,50,50,1,0,W
,X,GND,D13,500,-5700,100,U,50,50,1,0,W
,X,GND,E4,500,-5800,100,U,50,50,1,0,W
,X,GND,E5,500,-5900,100,U,50,50,1,0,W
,X,GND,E7,500,-6000,100,U,50,50,1,0,W
,X,GND,E9,500,-6100,100,U,50,50,1,0,W
,X,GND,E11,500,-6200,100,U,50,50,1,0,W
,X,GND,E20,500,-6300,100,U,50,50,1,0,W
,X,GND,F5,500,-6400,100,U,50,50,1,0,W
,X,GND,F11,500,-6500,100,U,50,50,1,0,W
,X,GND,F17,500,-6600,100,U,50,50,1,0,W
,X,GND,G5,500,-6700,100,U,50,50,1,0,W
,X,GND,G6,500,-6800,100,U,50,50,1,0,W
,X,GND,G7,500,-6900,100,U,50,50,1,0,W
,X,GND,G8,500,-7000,100,U,50,50,1,0,W
,X,GND,G9,500,-7100,100,U,50,50,1,0,W
,X,GND,G10,500,-7200,100,U,50,50,1,0,W
,X,GND,G12,500,-7300,100,U,50,50,1,0,W
,X,GND,G14,500,-7400,100,U,50,50,1,0,W
,X,GND,H1,500,-7500,100,U,50,50,1,0,W
,X,GND,H7,500,-7600,100,U,50,50,1,0,W
,X,GND,H9,500,-7700,100,U,50,50,1,0,W
,X,GND,H11,500,-7800,100,U,50,50,1,0,W
,X,GND,H21,500,-7900,100,U,50,50,1,0,W
,X,GND,J8,500,-8000,100,U,50,50,1,0,W
,X,GND,J10,500,-8100,100,U,50,50,1,0,W
,X,GND,J12,500,-8200,100,U,50,50,1,0,W
,X,GND,J18,500,-8300,100,U,50,50,1,0,W
,X,GND,K5,500,-8400,100,U,50,50,1,0,W
,X,GND,K7,500,-8500,100,U,50,50,1,0,W
,X,GND,K11,500,-8600,100,U,50,50,1,0,W
,X,GND,K15,500,-8700,100,U,50,50,1,0,W
,X,GND,L2,500,-8800,100,U,50,50,1,0,W
,X,GND,L8,500,-8900,100,U,50,50,1,0,W
,X,GND,L22,500,-9000,100,U,50,50,1,0,W
,X,GND,M7,500,-9100,100,U,50,50,1,0,W
,X,GND,M11,500,-9200,100,U,50,50,1,0,W
,X,GND,M19,500,-9300,100,U,50,50,1,0,W
,X,GND,N6,500,-9400,100,U,50,50,1,0,W
,X,GND,N8,500,-9500,100,U,50,50,1,0,W
,X,GND,N16,500,-9600,100,U,50,50,1,0,W
,X,GND,P3,500,-9700,100,U,50,50,1,0,W
,X,GND,P7,500,-9800,100,U,50,50,1,0,W
,X,GND,P9,500,-9900,100,U,50,50,1,0,W
,X,GND,P11,500,-10000,100,U,50,50,1,0,W
,X,GND,P13,500,-10100,100,U,50,50,1,0,W
,X,GND,R8,500,-10200,100,U,50,50,1,0,W
,X,GND,R10,500,-10300,100,U,50,50,1,0,W
,X,GND,R12,500,-10400,100,U,50,50,1,0,W
,X,GND,R20,500,-10500,100,U,50,50,1,0,W
,X,GND,T7,500,-10600,100,U,50,50,1,0,W
,X,GND,T9,500,-10700,100,U,50,50,1,0,W
,X,GND,T11,500,-10800,100,U,50,50,1,0,W
,X,GND,T17,500,-10900,100,U,50,50,1,0,W
,X,GND,U4,500,-11000,100,U,50,50,1,0,W
,X,GND,U14,500,-11100,100,U,50,50,1,0,W
,X,GND,V1,500,-11200,100,U,50,50,1,0,W
,X,GND,V11,500,-11300,100,U,50,50,1,0,W
,X,GND,V21,500,-11400,100,U,50,50,1,0,W
,X,GND,W8,500,-11500,100,U,50,50,1,0,W
,X,GND,W18,500,-11600,100,U,50,50,1,0,W
,X,GND,Y5,500,-11700,100,U,50,50,1,0,W
,X,GND,Y15,500,-11800,100,U,50,50,1,0,W
,X,VCCINT,H8,500,-11900,100,D,50,50,1,0,W
,X,VCCINT,H10,500,-12000,100,D,50,50,1,0,W
,X,VCCINT,J7,500,-12100,100,D,50,50,1,0,W
,X,VCCINT,J9,500,-12200,100,D,50,50,1,0,W
,X,VCCINT,K8,500,-12300,100,D,50,50,1,0,W
,X,VCCINT,L7,500,-12400,100,D,50,50,1,0,W
,X,VCCINT,M8,500,-12500,100,D,50,50,1,0,W
,X,VCCINT,N7,500,-12600,100,D,50,50,1,0,W
,X,VCCINT,P8,500,-12700,100,D,50,50,1,0,W
,X,VCCINT,P10,500,-12800,100,D,50,50,1,0,W
,X,VCCINT,R7,500,-12900,100,D,50,50,1,0,W
,X,VCCINT,R9,500,-13000,100,D,50,50,1,0,W
,X,VCCINT,T8,500,-13100,100,D,50,50,1,0,W
,X,VCCINT,T10,500,-13200,100,D,50,50,1,0,W
,X,VCCAUX_1v8,H12,500,-13300,100,D,50,50,1,0,W
,X,VCCAUX_1v8,K12,500,-13400,100,D,50,50,1,0,W
,X,VCCAUX_1v8,M12,500,-13500,100,D,50,50,1,0,W
,X,VCCAUX_1v8,P12,500,-13600,100,D,50,50,1,0,W
,X,VCCAUX_1v8,R11,500,-13700,100,D,50,50,1,0,W
,X,VCCBRAM,J11,500,-13800,100,D,50,50,1,0,W
,X,VCCBRAM,L11,500,-13900,100,D,50,50,1,0,W
,X,VCCBRAM,N11,500,-14000,100,D,50,50,1,0,W
,X,NC,T14,500,-14100,100,L,50,50,1,N,N
,X,NC,T15,500,-14200,100,L,50,50,1,N,N
,X,NC,T16,500,-14300,100,L,50,50,1,N,N
,X,NC,U15,500,-14400,100,L,50,50,1,N,N
,X,NC,U16,500,-14500,100,L,50,50,1,N,N
,X,NC,V10,500,-14600,100,L,50,50,1,N,N
,X,NC,V13,500,-14700,100,L,50,50,1,N,N
,X,NC,V14,500,-14800,100,L,50,50,1,N,N
,X,NC,V15,500,-14900,100,L,50,50,1,N,N
,X,NC,W10,500,-15000,100,L,50,50,1,N,N
,X,NC,W11,500,-15100,100,L,50,50,1,N,N
,X,NC,W12,500,-15200,100,L,50,50,1,N,N
,X,NC,W14,500,-15300,100,L,50,50,1,N,N
,X,NC,W15,500,-15400,100,L,50,50,1,N,N
,X,NC,W16,500,-15500,100,L,50,50,1,N,N
,X,NC,Y11,500,-15600,100,L,50,50,1,N,N
,X,NC,Y12,500,-15700,100,L,50,50,1,N,N
,X,NC,Y13,500,-15800,100,L,50,50,1,N,N
,X,NC,Y14,500,-15900,100,L,50,50,1,N,N
,X,NC,Y16,500,-16000,100,L,50,50,1,N,N
,X,NC,Y17,500,-16100,100,L,50,50,1,N,N
,X,NC,AA9,500,-16200,100,L,50,50,1,N,N
,X,NC,AA10,500,-16300,100,L,50,50,1,N,N
,X,NC,AA11,500,-16400,100,L,50,50,1,N,N
,X,NC,AA13,500,-16500,100,L,50,50,1,N,N
,X,NC,AA14,500,-16600,100,L,50,50,1,N,N
,X,NC,AA15,500,-16700,100,L,50,50,1,N,N
,X,NC,AA16,500,-16800,100,L,50,50,1,N,N
,X,NC,AB10,500,-16900,100,L,50,50,1,N,N
,X,NC,AB11,500,-17000,100,L,50,50,1,N,N
,X,NC,AB12,500,-17100,100,L,50,50,1,N,N
,X,NC,AB13,500,-17200,100,L,50,50,1,N,N
,X,NC,AB15,500,-17300,100,L,50,50,1,N,N
,X,NC,AB16,500,-17400,100,L,50,50,1,N,N
,X,NC,AB17,500,-17500,100,L,50,50,1,N,N